<application>
  <component name="fastRequest">
    <option name="commonHeaderList">
      <list>
        <DataMapping>
          <option name="type" value="Content-Type" />
          <option name="value" value="text/plain" />
        </DataMapping>
        <DataMapping>
          <option name="type" value="Content-Type" />
          <option name="value" value="text/html" />
        </DataMapping>
        <DataMapping>
          <option name="type" value="Content-Type" />
          <option name="value" value="application/xml" />
        </DataMapping>
        <DataMapping>
          <option name="type" value="Content-Type" />
          <option name="value" value="application/javascript" />
        </DataMapping>
        <DataMapping>
          <option name="type" value="Authorization" />
          <option name="value" value="" />
        </DataMapping>
        <DataMapping>
          <option name="type" value="Cookie" />
          <option name="value" value="" />
        </DataMapping>
        <DataMapping>
          <option name="type" value="User-Agent" />
          <option name="value" value="" />
        </DataMapping>
      </list>
    </option>
    <option name="defaultDataMappingList">
      <list>
        <DataMapping>
          <option name="type" value="byte" />
          <option name="value" value="1" />
        </DataMapping>
        <DataMapping>
          <option name="type" value="java.lang.Byte" />
          <option name="value" value="1" />
        </DataMapping>
        <DataMapping>
          <option name="type" value="short" />
          <option name="value" value="1" />
        </DataMapping>
        <DataMapping>
          <option name="type" value="java.lang.Short" />
          <option name="value" value="1" />
        </DataMapping>
        <DataMapping>
          <option name="type" value="int" />
          <option name="value" value="1" />
        </DataMapping>
        <DataMapping>
          <option name="type" value="java.lang.Integer" />
          <option name="value" value="1" />
        </DataMapping>
        <DataMapping>
          <option name="type" value="long" />
          <option name="value" value="1" />
        </DataMapping>
        <DataMapping>
          <option name="type" value="java.lang.Long" />
          <option name="value" value="1" />
        </DataMapping>
        <DataMapping>
          <option name="type" value="char" />
          <option name="value" value="a" />
        </DataMapping>
        <DataMapping>
          <option name="type" value="java.lang.Character" />
          <option name="value" value="a" />
        </DataMapping>
        <DataMapping>
          <option name="type" value="float" />
          <option name="value" value="1" />
        </DataMapping>
        <DataMapping>
          <option name="type" value="java.lang.Float" />
          <option name="value" value="1" />
        </DataMapping>
        <DataMapping>
          <option name="type" value="double" />
          <option name="value" value="1" />
        </DataMapping>
        <DataMapping>
          <option name="type" value="java.lang.Double" />
          <option name="value" value="1" />
        </DataMapping>
        <DataMapping>
          <option name="type" value="boolean" />
          <option name="value" value="true" />
        </DataMapping>
        <DataMapping>
          <option name="type" value="java.lang.Boolean" />
          <option name="value" value="true" />
        </DataMapping>
        <DataMapping>
          <option name="type" value="java.math.BigDecimal" />
          <option name="value" value="1" />
        </DataMapping>
      </list>
    </option>
    <option name="domain" value="http://localhost:5001/api" />
    <option name="enableEnv" value="local" />
    <option name="enableProject" value="pandax-ws" />
    <option name="eual" value="true" />
    <option name="headerGroupList">
      <list>
        <HeaderGroup>
          <option name="envDataMap">
            <map>
              <entry key="local">
                <value>
                  <list />
                </value>
              </entry>
            </map>
          </option>
          <option name="projectName" value="pandax" />
        </HeaderGroup>
        <HeaderGroup>
          <option name="envDataMap">
            <map>
              <entry key="local">
                <value>
                  <list />
                </value>
              </entry>
            </map>
          </option>
          <option name="projectName" value="pandax-ws" />
        </HeaderGroup>
      </list>
    </option>
    <option name="randomStringLength" value="5" />
    <option name="statisticsDate" value="2023-09-30 15:49:56" />
    <option name="statisticsList">
      <list>
        <YearStatistics>
          <option name="totalActionCount" value="34" />
          <option name="totalFailCount" value="26" />
          <option name="totalRocketCount" value="13" />
          <option name="totalSuccessCount" value="5" />
          <option name="year" value="2023" />
        </YearStatistics>
      </list>
    </option>
  </component>
</application>