<application>
  <component name="FeatureSuggesterSettings">
    <option name="workingDays">
      <list>
        <option value="1662345891696" />
        <option value="1662433982731" />
        <option value="1662517269077" />
        <option value="1662690479432" />
        <option value="1662910291397" />
        <option value="1663037296432" />
        <option value="1663138119136" />
        <option value="1663207741961" />
        <option value="1663640197841" />
        <option value="1663727235751" />
        <option value="1663817994864" />
        <option value="1663904704133" />
        <option value="1663993865317" />
        <option value="1664179407624" />
        <option value="1664246199961" />
        <option value="1664415719968" />
        <option value="1664765806643" />
        <option value="1664852625634" />
        <option value="1664956219042" />
        <option value="1665041178149" />
        <option value="1665110761794" />
        <option value="1665371547836" />
        <option value="1665453823755" />
        <option value="1665541673429" />
        <option value="1665627444043" />
        <option value="1665714333852" />
        <option value="1665974504641" />
        <option value="1666149134973" />
        <option value="1666233036990" />
        <option value="1666445237296" />
      </list>
    </option>
  </component>
</application>