<application>
  <component name="FileTypeManager" version="18">
    <extensionMap>
      <mapping pattern="responseValidateRules.json" type="AUTO_DETECTED" />
      <mapping pattern="TestChapter1" type="AUTO_DETECTED" />
      <mapping pattern="metadata_xdea.json" type="AUTO_DETECTED" />
      <mapping pattern="CategorySelection.js" type="AUTO_DETECTED" />
      <mapping pattern=".env.*" type="Env File" />
      <mapping ext="env" type="Env File" />
      <mapping pattern="modalCart.js" type="JavaScript" />
      <mapping ext="gradle.kts" type="Kotlin" />
      <mapping ext="main.kts" type="Kotlin" />
      <mapping pattern=".toDelete" type="PLAIN_TEXT" />
      <mapping ext="mysql" type="PLAIN_TEXT" />
      <removed_mapping ext="apk" approved="true" type="ARCHIVE" />
      <removed_mapping ext="csv" approved="true" type="CSV/TSV" />
      <removed_mapping ext="dockerignore" approved="true" type="DockerIgnore file" />
      <removed_mapping ext="ignore" approved="true" type="IgnoreLang file" />
      <removed_mapping ext="log" approved="true" type="PLAIN_TEXT" />
      <removed_mapping ext="psd" approved="true" type="Image" />
      <removed_mapping ext="tsv" approved="true" type="CSV/TSV" />
      <removed_mapping ext="xls" approved="true" type="Native" />
      <removed_mapping ext="xlsx" approved="true" type="Native" />
    </extensionMap>
  </component>
</application>