<application>
  <component name="ProjectJdkTable">
    <jdk version="2">
      <name value="corretto-1.8" />
      <type value="JavaSDK" />
      <version value="Amazon Corretto version 1.8.0_332" />
      <homePath value="C:\Java\jdk1.8.0_332" />
      <roots>
        <classPath>
          <root type="composite">
            <root url="jar://C:/java/jdk1.8.0_332/jre/lib/charsets.jar!/" type="simple" />
            <root url="jar://C:/java/jdk1.8.0_332/jre/lib/ext/access-bridge-64.jar!/" type="simple" />
            <root url="jar://C:/java/jdk1.8.0_332/jre/lib/ext/cldrdata.jar!/" type="simple" />
            <root url="jar://C:/java/jdk1.8.0_332/jre/lib/ext/dnsns.jar!/" type="simple" />
            <root url="jar://C:/java/jdk1.8.0_332/jre/lib/ext/jaccess.jar!/" type="simple" />
            <root url="jar://C:/java/jdk1.8.0_332/jre/lib/ext/jfxrt.jar!/" type="simple" />
            <root url="jar://C:/java/jdk1.8.0_332/jre/lib/ext/localedata.jar!/" type="simple" />
            <root url="jar://C:/java/jdk1.8.0_332/jre/lib/ext/nashorn.jar!/" type="simple" />
            <root url="jar://C:/java/jdk1.8.0_332/jre/lib/ext/sunec.jar!/" type="simple" />
            <root url="jar://C:/java/jdk1.8.0_332/jre/lib/ext/sunjce_provider.jar!/" type="simple" />
            <root url="jar://C:/java/jdk1.8.0_332/jre/lib/ext/sunmscapi.jar!/" type="simple" />
            <root url="jar://C:/java/jdk1.8.0_332/jre/lib/ext/sunpkcs11.jar!/" type="simple" />
            <root url="jar://C:/java/jdk1.8.0_332/jre/lib/ext/zipfs.jar!/" type="simple" />
            <root url="jar://C:/java/jdk1.8.0_332/jre/lib/jce.jar!/" type="simple" />
            <root url="jar://C:/java/jdk1.8.0_332/jre/lib/jfr.jar!/" type="simple" />
            <root url="jar://C:/java/jdk1.8.0_332/jre/lib/jfxswt.jar!/" type="simple" />
            <root url="jar://C:/java/jdk1.8.0_332/jre/lib/jsse.jar!/" type="simple" />
            <root url="jar://C:/java/jdk1.8.0_332/jre/lib/management-agent.jar!/" type="simple" />
            <root url="jar://C:/java/jdk1.8.0_332/jre/lib/resources.jar!/" type="simple" />
            <root url="jar://C:/java/jdk1.8.0_332/jre/lib/rt.jar!/" type="simple" />
          </root>
        </classPath>
        <sourcePath>
          <root type="composite">
            <root url="jar://C:/java/jdk1.8.0_332/src.zip!/" type="simple" />
            <root url="jar://C:/java/jdk1.8.0_332/javafx-src.zip!/" type="simple" />
          </root>
        </sourcePath>
      </roots>
      <additional />
    </jdk>
    <jdk version="2">
      <name value="corretto-11" />
      <type value="JavaSDK" />
      <version value="java version &quot;11.0.15&quot;" />
      <homePath value="C:/Java/corretto-11.0.15" />
      <roots>
        <classPath>
          <root type="composite">
            <root url="jrt://C:/java/corretto-11.0.15!/java.base" type="simple" />
            <root url="jrt://C:/java/corretto-11.0.15!/java.compiler" type="simple" />
            <root url="jrt://C:/java/corretto-11.0.15!/java.datatransfer" type="simple" />
            <root url="jrt://C:/java/corretto-11.0.15!/java.desktop" type="simple" />
            <root url="jrt://C:/java/corretto-11.0.15!/java.instrument" type="simple" />
            <root url="jrt://C:/java/corretto-11.0.15!/java.logging" type="simple" />
            <root url="jrt://C:/java/corretto-11.0.15!/java.management" type="simple" />
            <root url="jrt://C:/java/corretto-11.0.15!/java.management.rmi" type="simple" />
            <root url="jrt://C:/java/corretto-11.0.15!/java.naming" type="simple" />
            <root url="jrt://C:/java/corretto-11.0.15!/java.net.http" type="simple" />
            <root url="jrt://C:/java/corretto-11.0.15!/java.prefs" type="simple" />
            <root url="jrt://C:/java/corretto-11.0.15!/java.rmi" type="simple" />
            <root url="jrt://C:/java/corretto-11.0.15!/java.scripting" type="simple" />
            <root url="jrt://C:/java/corretto-11.0.15!/java.se" type="simple" />
            <root url="jrt://C:/java/corretto-11.0.15!/java.security.jgss" type="simple" />
            <root url="jrt://C:/java/corretto-11.0.15!/java.security.sasl" type="simple" />
            <root url="jrt://C:/java/corretto-11.0.15!/java.smartcardio" type="simple" />
            <root url="jrt://C:/java/corretto-11.0.15!/java.sql" type="simple" />
            <root url="jrt://C:/java/corretto-11.0.15!/java.sql.rowset" type="simple" />
            <root url="jrt://C:/java/corretto-11.0.15!/java.transaction.xa" type="simple" />
            <root url="jrt://C:/java/corretto-11.0.15!/java.xml" type="simple" />
            <root url="jrt://C:/java/corretto-11.0.15!/java.xml.crypto" type="simple" />
            <root url="jrt://C:/java/corretto-11.0.15!/jdk.accessibility" type="simple" />
            <root url="jrt://C:/java/corretto-11.0.15!/jdk.aot" type="simple" />
            <root url="jrt://C:/java/corretto-11.0.15!/jdk.attach" type="simple" />
            <root url="jrt://C:/java/corretto-11.0.15!/jdk.charsets" type="simple" />
            <root url="jrt://C:/java/corretto-11.0.15!/jdk.compiler" type="simple" />
            <root url="jrt://C:/java/corretto-11.0.15!/jdk.crypto.cryptoki" type="simple" />
            <root url="jrt://C:/java/corretto-11.0.15!/jdk.crypto.ec" type="simple" />
            <root url="jrt://C:/java/corretto-11.0.15!/jdk.crypto.mscapi" type="simple" />
            <root url="jrt://C:/java/corretto-11.0.15!/jdk.dynalink" type="simple" />
            <root url="jrt://C:/java/corretto-11.0.15!/jdk.editpad" type="simple" />
            <root url="jrt://C:/java/corretto-11.0.15!/jdk.hotspot.agent" type="simple" />
            <root url="jrt://C:/java/corretto-11.0.15!/jdk.httpserver" type="simple" />
            <root url="jrt://C:/java/corretto-11.0.15!/jdk.internal.ed" type="simple" />
            <root url="jrt://C:/java/corretto-11.0.15!/jdk.internal.jvmstat" type="simple" />
            <root url="jrt://C:/java/corretto-11.0.15!/jdk.internal.le" type="simple" />
            <root url="jrt://C:/java/corretto-11.0.15!/jdk.internal.opt" type="simple" />
            <root url="jrt://C:/java/corretto-11.0.15!/jdk.internal.vm.ci" type="simple" />
            <root url="jrt://C:/java/corretto-11.0.15!/jdk.internal.vm.compiler" type="simple" />
            <root url="jrt://C:/java/corretto-11.0.15!/jdk.internal.vm.compiler.management" type="simple" />
            <root url="jrt://C:/java/corretto-11.0.15!/jdk.jartool" type="simple" />
            <root url="jrt://C:/java/corretto-11.0.15!/jdk.javadoc" type="simple" />
            <root url="jrt://C:/java/corretto-11.0.15!/jdk.jcmd" type="simple" />
            <root url="jrt://C:/java/corretto-11.0.15!/jdk.jconsole" type="simple" />
            <root url="jrt://C:/java/corretto-11.0.15!/jdk.jdeps" type="simple" />
            <root url="jrt://C:/java/corretto-11.0.15!/jdk.jdi" type="simple" />
            <root url="jrt://C:/java/corretto-11.0.15!/jdk.jdwp.agent" type="simple" />
            <root url="jrt://C:/java/corretto-11.0.15!/jdk.jfr" type="simple" />
            <root url="jrt://C:/java/corretto-11.0.15!/jdk.jlink" type="simple" />
            <root url="jrt://C:/java/corretto-11.0.15!/jdk.jshell" type="simple" />
            <root url="jrt://C:/java/corretto-11.0.15!/jdk.jsobject" type="simple" />
            <root url="jrt://C:/java/corretto-11.0.15!/jdk.jstatd" type="simple" />
            <root url="jrt://C:/java/corretto-11.0.15!/jdk.localedata" type="simple" />
            <root url="jrt://C:/java/corretto-11.0.15!/jdk.management" type="simple" />
            <root url="jrt://C:/java/corretto-11.0.15!/jdk.management.agent" type="simple" />
            <root url="jrt://C:/java/corretto-11.0.15!/jdk.management.jfr" type="simple" />
            <root url="jrt://C:/java/corretto-11.0.15!/jdk.naming.dns" type="simple" />
            <root url="jrt://C:/java/corretto-11.0.15!/jdk.naming.ldap" type="simple" />
            <root url="jrt://C:/java/corretto-11.0.15!/jdk.naming.rmi" type="simple" />
            <root url="jrt://C:/java/corretto-11.0.15!/jdk.net" type="simple" />
            <root url="jrt://C:/java/corretto-11.0.15!/jdk.pack" type="simple" />
            <root url="jrt://C:/java/corretto-11.0.15!/jdk.rmic" type="simple" />
            <root url="jrt://C:/java/corretto-11.0.15!/jdk.scripting.nashorn" type="simple" />
            <root url="jrt://C:/java/corretto-11.0.15!/jdk.scripting.nashorn.shell" type="simple" />
            <root url="jrt://C:/java/corretto-11.0.15!/jdk.sctp" type="simple" />
            <root url="jrt://C:/java/corretto-11.0.15!/jdk.security.auth" type="simple" />
            <root url="jrt://C:/java/corretto-11.0.15!/jdk.security.jgss" type="simple" />
            <root url="jrt://C:/java/corretto-11.0.15!/jdk.unsupported" type="simple" />
            <root url="jrt://C:/java/corretto-11.0.15!/jdk.unsupported.desktop" type="simple" />
            <root url="jrt://C:/java/corretto-11.0.15!/jdk.xml.dom" type="simple" />
            <root url="jrt://C:/java/corretto-11.0.15!/jdk.zipfs" type="simple" />
          </root>
        </classPath>
        <sourcePath>
          <root type="composite">
            <root url="jar://C:/java/corretto-11.0.15/lib/src.zip!/java.se" type="simple" />
            <root url="jar://C:/java/corretto-11.0.15/lib/src.zip!/jdk.aot" type="simple" />
            <root url="jar://C:/java/corretto-11.0.15/lib/src.zip!/jdk.jdi" type="simple" />
            <root url="jar://C:/java/corretto-11.0.15/lib/src.zip!/jdk.jfr" type="simple" />
            <root url="jar://C:/java/corretto-11.0.15/lib/src.zip!/jdk.net" type="simple" />
            <root url="jar://C:/java/corretto-11.0.15/lib/src.zip!/java.rmi" type="simple" />
            <root url="jar://C:/java/corretto-11.0.15/lib/src.zip!/java.sql" type="simple" />
            <root url="jar://C:/java/corretto-11.0.15/lib/src.zip!/java.xml" type="simple" />
            <root url="jar://C:/java/corretto-11.0.15/lib/src.zip!/jdk.jcmd" type="simple" />
            <root url="jar://C:/java/corretto-11.0.15/lib/src.zip!/jdk.pack" type="simple" />
            <root url="jar://C:/java/corretto-11.0.15/lib/src.zip!/jdk.rmic" type="simple" />
            <root url="jar://C:/java/corretto-11.0.15/lib/src.zip!/jdk.sctp" type="simple" />
            <root url="jar://C:/java/corretto-11.0.15/lib/src.zip!/java.base" type="simple" />
            <root url="jar://C:/java/corretto-11.0.15/lib/src.zip!/jdk.jdeps" type="simple" />
            <root url="jar://C:/java/corretto-11.0.15/lib/src.zip!/jdk.jlink" type="simple" />
            <root url="jar://C:/java/corretto-11.0.15/lib/src.zip!/jdk.zipfs" type="simple" />
            <root url="jar://C:/java/corretto-11.0.15/lib/src.zip!/java.prefs" type="simple" />
            <root url="jar://C:/java/corretto-11.0.15/lib/src.zip!/jdk.attach" type="simple" />
            <root url="jar://C:/java/corretto-11.0.15/lib/src.zip!/jdk.jshell" type="simple" />
            <root url="jar://C:/java/corretto-11.0.15/lib/src.zip!/jdk.jstatd" type="simple" />
            <root url="jar://C:/java/corretto-11.0.15/lib/src.zip!/java.naming" type="simple" />
            <root url="jar://C:/java/corretto-11.0.15/lib/src.zip!/jdk.editpad" type="simple" />
            <root url="jar://C:/java/corretto-11.0.15/lib/src.zip!/jdk.jartool" type="simple" />
            <root url="jar://C:/java/corretto-11.0.15/lib/src.zip!/jdk.javadoc" type="simple" />
            <root url="jar://C:/java/corretto-11.0.15/lib/src.zip!/jdk.xml.dom" type="simple" />
            <root url="jar://C:/java/corretto-11.0.15/lib/src.zip!/java.desktop" type="simple" />
            <root url="jar://C:/java/corretto-11.0.15/lib/src.zip!/java.logging" type="simple" />
            <root url="jar://C:/java/corretto-11.0.15/lib/src.zip!/jdk.charsets" type="simple" />
            <root url="jar://C:/java/corretto-11.0.15/lib/src.zip!/jdk.compiler" type="simple" />
            <root url="jar://C:/java/corretto-11.0.15/lib/src.zip!/jdk.dynalink" type="simple" />
            <root url="jar://C:/java/corretto-11.0.15/lib/src.zip!/jdk.jconsole" type="simple" />
            <root url="jar://C:/java/corretto-11.0.15/lib/src.zip!/jdk.jsobject" type="simple" />
            <root url="jar://C:/java/corretto-11.0.15/lib/src.zip!/java.compiler" type="simple" />
            <root url="jar://C:/java/corretto-11.0.15/lib/src.zip!/java.net.http" type="simple" />
            <root url="jar://C:/java/corretto-11.0.15/lib/src.zip!/jdk.crypto.ec" type="simple" />
            <root url="jar://C:/java/corretto-11.0.15/lib/src.zip!/java.scripting" type="simple" />
            <root url="jar://C:/java/corretto-11.0.15/lib/src.zip!/jdk.httpserver" type="simple" />
            <root url="jar://C:/java/corretto-11.0.15/lib/src.zip!/jdk.jdwp.agent" type="simple" />
            <root url="jar://C:/java/corretto-11.0.15/lib/src.zip!/jdk.localedata" type="simple" />
            <root url="jar://C:/java/corretto-11.0.15/lib/src.zip!/jdk.management" type="simple" />
            <root url="jar://C:/java/corretto-11.0.15/lib/src.zip!/jdk.naming.dns" type="simple" />
            <root url="jar://C:/java/corretto-11.0.15/lib/src.zip!/jdk.naming.rmi" type="simple" />
            <root url="jar://C:/java/corretto-11.0.15/lib/src.zip!/java.instrument" type="simple" />
            <root url="jar://C:/java/corretto-11.0.15/lib/src.zip!/java.management" type="simple" />
            <root url="jar://C:/java/corretto-11.0.15/lib/src.zip!/java.sql.rowset" type="simple" />
            <root url="jar://C:/java/corretto-11.0.15/lib/src.zip!/java.xml.crypto" type="simple" />
            <root url="jar://C:/java/corretto-11.0.15/lib/src.zip!/jdk.internal.ed" type="simple" />
            <root url="jar://C:/java/corretto-11.0.15/lib/src.zip!/jdk.internal.le" type="simple" />
            <root url="jar://C:/java/corretto-11.0.15/lib/src.zip!/jdk.naming.ldap" type="simple" />
            <root url="jar://C:/java/corretto-11.0.15/lib/src.zip!/jdk.unsupported" type="simple" />
            <root url="jar://C:/java/corretto-11.0.15/lib/src.zip!/java.smartcardio" type="simple" />
            <root url="jar://C:/java/corretto-11.0.15/lib/src.zip!/jdk.internal.opt" type="simple" />
            <root url="jar://C:/java/corretto-11.0.15/lib/src.zip!/java.datatransfer" type="simple" />
            <root url="jar://C:/java/corretto-11.0.15/lib/src.zip!/jdk.accessibility" type="simple" />
            <root url="jar://C:/java/corretto-11.0.15/lib/src.zip!/jdk.crypto.mscapi" type="simple" />
            <root url="jar://C:/java/corretto-11.0.15/lib/src.zip!/jdk.hotspot.agent" type="simple" />
            <root url="jar://C:/java/corretto-11.0.15/lib/src.zip!/jdk.security.auth" type="simple" />
            <root url="jar://C:/java/corretto-11.0.15/lib/src.zip!/jdk.security.jgss" type="simple" />
            <root url="jar://C:/java/corretto-11.0.15/lib/src.zip!/java.security.jgss" type="simple" />
            <root url="jar://C:/java/corretto-11.0.15/lib/src.zip!/java.security.sasl" type="simple" />
            <root url="jar://C:/java/corretto-11.0.15/lib/src.zip!/jdk.internal.vm.ci" type="simple" />
            <root url="jar://C:/java/corretto-11.0.15/lib/src.zip!/jdk.management.jfr" type="simple" />
            <root url="jar://C:/java/corretto-11.0.15/lib/src.zip!/java.management.rmi" type="simple" />
            <root url="jar://C:/java/corretto-11.0.15/lib/src.zip!/java.transaction.xa" type="simple" />
            <root url="jar://C:/java/corretto-11.0.15/lib/src.zip!/jdk.crypto.cryptoki" type="simple" />
            <root url="jar://C:/java/corretto-11.0.15/lib/src.zip!/jdk.internal.jvmstat" type="simple" />
            <root url="jar://C:/java/corretto-11.0.15/lib/src.zip!/jdk.management.agent" type="simple" />
            <root url="jar://C:/java/corretto-11.0.15/lib/src.zip!/jdk.scripting.nashorn" type="simple" />
            <root url="jar://C:/java/corretto-11.0.15/lib/src.zip!/jdk.unsupported.desktop" type="simple" />
            <root url="jar://C:/java/corretto-11.0.15/lib/src.zip!/jdk.internal.vm.compiler" type="simple" />
            <root url="jar://C:/java/corretto-11.0.15/lib/src.zip!/jdk.scripting.nashorn.shell" type="simple" />
            <root url="jar://C:/java/corretto-11.0.15/lib/src.zip!/jdk.internal.vm.compiler.management" type="simple" />
          </root>
        </sourcePath>
      </roots>
      <additional />
    </jdk>
    <jdk version="2">
      <name value="Python 3.11" />
      <type value="Python SDK" />
      <version value="Python 3.11.3" />
      <homePath value="C:\Program Files\Python311\python.exe" />
      <roots>
        <classPath>
          <root type="composite">
            <root url="file://C:/Program Files/Python311/DLLs" type="simple" />
            <root url="file://C:/Program Files/Python311/Lib" type="simple" />
            <root url="file://C:/Program Files/Python311" type="simple" />
            <root url="file://C:/Program Files/Python311/Lib/site-packages" type="simple" />
            <root url="file://$USER_HOME$/AppData/Local/JetBrains/PyCharm2023.1/python_stubs/1126185124" type="simple" />
            <root url="file://$APPLICATION_HOME_DIR$/plugins/python/helpers/python-skeletons" type="simple" />
            <root url="file://$APPLICATION_HOME_DIR$/plugins/python/helpers/typeshed/stdlib" type="simple" />
            <root url="file://$APPLICATION_HOME_DIR$/plugins/python/helpers/typeshed/stubs/gdb" type="simple" />
            <root url="file://$APPLICATION_HOME_DIR$/plugins/python/helpers/typeshed/stubs/six" type="simple" />
            <root url="file://$APPLICATION_HOME_DIR$/plugins/python/helpers/typeshed/stubs/boto" type="simple" />
            <root url="file://$APPLICATION_HOME_DIR$/plugins/python/helpers/typeshed/stubs/mock" type="simple" />
            <root url="file://$APPLICATION_HOME_DIR$/plugins/python/helpers/typeshed/stubs/pytz" type="simple" />
            <root url="file://$APPLICATION_HOME_DIR$/plugins/python/helpers/typeshed/stubs/toml" type="simple" />
            <root url="file://$APPLICATION_HOME_DIR$/plugins/python/helpers/typeshed/stubs/tqdm" type="simple" />
            <root url="file://$APPLICATION_HOME_DIR$/plugins/python/helpers/typeshed/stubs/annoy" type="simple" />
            <root url="file://$APPLICATION_HOME_DIR$/plugins/python/helpers/typeshed/stubs/babel" type="simple" />
            <root url="file://$APPLICATION_HOME_DIR$/plugins/python/helpers/typeshed/stubs/emoji" type="simple" />
            <root url="file://$APPLICATION_HOME_DIR$/plugins/python/helpers/typeshed/stubs/first" type="simple" />
            <root url="file://$APPLICATION_HOME_DIR$/plugins/python/helpers/typeshed/stubs/fpdf2" type="simple" />
            <root url="file://$APPLICATION_HOME_DIR$/plugins/python/helpers/typeshed/stubs/ldap3" type="simple" />
            <root url="file://$APPLICATION_HOME_DIR$/plugins/python/helpers/typeshed/stubs/polib" type="simple" />
            <root url="file://$APPLICATION_HOME_DIR$/plugins/python/helpers/typeshed/stubs/redis" type="simple" />
            <root url="file://$APPLICATION_HOME_DIR$/plugins/python/helpers/typeshed/stubs/regex" type="simple" />
            <root url="file://$APPLICATION_HOME_DIR$/plugins/python/helpers/typeshed/stubs/retry" type="simple" />
            <root url="file://$APPLICATION_HOME_DIR$/plugins/python/helpers/typeshed/stubs/ujson" type="simple" />
            <root url="file://$APPLICATION_HOME_DIR$/plugins/python/helpers/typeshed/stubs/bleach" type="simple" />
            <root url="file://$APPLICATION_HOME_DIR$/plugins/python/helpers/typeshed/stubs/caldav" type="simple" />
            <root url="file://$APPLICATION_HOME_DIR$/plugins/python/helpers/typeshed/stubs/docopt" type="simple" />
            <root url="file://$APPLICATION_HOME_DIR$/plugins/python/helpers/typeshed/stubs/hdbcli" type="simple" />
            <root url="file://$APPLICATION_HOME_DIR$/plugins/python/helpers/typeshed/stubs/invoke" type="simple" />
            <root url="file://$APPLICATION_HOME_DIR$/plugins/python/helpers/typeshed/stubs/passpy" type="simple" />
            <root url="file://$APPLICATION_HOME_DIR$/plugins/python/helpers/typeshed/stubs/Pillow" type="simple" />
            <root url="file://$APPLICATION_HOME_DIR$/plugins/python/helpers/typeshed/stubs/psutil" type="simple" />
            <root url="file://$APPLICATION_HOME_DIR$/plugins/python/helpers/typeshed/stubs/pycurl" type="simple" />
            <root url="file://$APPLICATION_HOME_DIR$/plugins/python/helpers/typeshed/stubs/pynput" type="simple" />
            <root url="file://$APPLICATION_HOME_DIR$/plugins/python/helpers/typeshed/stubs/pysftp" type="simple" />
            <root url="file://$APPLICATION_HOME_DIR$/plugins/python/helpers/typeshed/stubs/PyYAML" type="simple" />
            <root url="file://$APPLICATION_HOME_DIR$/plugins/python/helpers/typeshed/stubs/stripe" type="simple" />
            <root url="file://$APPLICATION_HOME_DIR$/plugins/python/helpers/typeshed/stubs/xxhash" type="simple" />
            <root url="file://$APPLICATION_HOME_DIR$/plugins/python/helpers/typeshed/stubs/zxcvbn" type="simple" />
            <root url="file://$APPLICATION_HOME_DIR$/plugins/python/helpers/typeshed/stubs/appdirs" type="simple" />
            <root url="file://$APPLICATION_HOME_DIR$/plugins/python/helpers/typeshed/stubs/certifi" type="simple" />
            <root url="file://$APPLICATION_HOME_DIR$/plugins/python/helpers/typeshed/stubs/chardet" type="simple" />
            <root url="file://$APPLICATION_HOME_DIR$/plugins/python/helpers/typeshed/stubs/chevron" type="simple" />
            <root url="file://$APPLICATION_HOME_DIR$/plugins/python/helpers/typeshed/stubs/passlib" type="simple" />
            <root url="file://$APPLICATION_HOME_DIR$/plugins/python/helpers/typeshed/stubs/pyaudio" type="simple" />
            <root url="file://$APPLICATION_HOME_DIR$/plugins/python/helpers/typeshed/stubs/PyMySQL" type="simple" />
            <root url="file://$APPLICATION_HOME_DIR$/plugins/python/helpers/typeshed/stubs/pyvmomi" type="simple" />
            <root url="file://$APPLICATION_HOME_DIR$/plugins/python/helpers/typeshed/stubs/slumber" type="simple" />
            <root url="file://$APPLICATION_HOME_DIR$/plugins/python/helpers/typeshed/stubs/tzlocal" type="simple" />
            <root url="file://$APPLICATION_HOME_DIR$/plugins/python/helpers/typeshed/stubs/urllib3" type="simple" />
            <root url="file://$APPLICATION_HOME_DIR$/plugins/python/helpers/typeshed/stubs/vobject" type="simple" />
            <root url="file://$APPLICATION_HOME_DIR$/plugins/python/helpers/typeshed/stubs/aiofiles" type="simple" />
            <root url="file://$APPLICATION_HOME_DIR$/plugins/python/helpers/typeshed/stubs/colorama" type="simple" />
            <root url="file://$APPLICATION_HOME_DIR$/plugins/python/helpers/typeshed/stubs/croniter" type="simple" />
            <root url="file://$APPLICATION_HOME_DIR$/plugins/python/helpers/typeshed/stubs/docutils" type="simple" />
            <root url="file://$APPLICATION_HOME_DIR$/plugins/python/helpers/typeshed/stubs/html5lib" type="simple" />
            <root url="file://$APPLICATION_HOME_DIR$/plugins/python/helpers/typeshed/stubs/httplib2" type="simple" />
            <root url="file://$APPLICATION_HOME_DIR$/plugins/python/helpers/typeshed/stubs/jmespath" type="simple" />
            <root url="file://$APPLICATION_HOME_DIR$/plugins/python/helpers/typeshed/stubs/Markdown" type="simple" />
            <root url="file://$APPLICATION_HOME_DIR$/plugins/python/helpers/typeshed/stubs/oauthlib" type="simple" />
            <root url="file://$APPLICATION_HOME_DIR$/plugins/python/helpers/typeshed/stubs/openpyxl" type="simple" />
            <root url="file://$APPLICATION_HOME_DIR$/plugins/python/helpers/typeshed/stubs/paramiko" type="simple" />
            <root url="file://$APPLICATION_HOME_DIR$/plugins/python/helpers/typeshed/stubs/psycopg2" type="simple" />
            <root url="file://$APPLICATION_HOME_DIR$/plugins/python/helpers/typeshed/stubs/pyflakes" type="simple" />
            <root url="file://$APPLICATION_HOME_DIR$/plugins/python/helpers/typeshed/stubs/Pygments" type="simple" />
            <root url="file://$APPLICATION_HOME_DIR$/plugins/python/helpers/typeshed/stubs/requests" type="simple" />
            <root url="file://$APPLICATION_HOME_DIR$/plugins/python/helpers/typeshed/stubs/selenium" type="simple" />
            <root url="file://$APPLICATION_HOME_DIR$/plugins/python/helpers/typeshed/stubs/tabulate" type="simple" />
            <root url="file://$APPLICATION_HOME_DIR$/plugins/python/helpers/typeshed/stubs/toposort" type="simple" />
            <root url="file://$APPLICATION_HOME_DIR$/plugins/python/helpers/typeshed/stubs/waitress" type="simple" />
            <root url="file://$APPLICATION_HOME_DIR$/plugins/python/helpers/typeshed/stubs/braintree" type="simple" />
            <root url="file://$APPLICATION_HOME_DIR$/plugins/python/helpers/typeshed/stubs/decorator" type="simple" />
            <root url="file://$APPLICATION_HOME_DIR$/plugins/python/helpers/typeshed/stubs/freezegun" type="simple" />
            <root url="file://$APPLICATION_HOME_DIR$/plugins/python/helpers/typeshed/stubs/playsound" type="simple" />
            <root url="file://$APPLICATION_HOME_DIR$/plugins/python/helpers/typeshed/stubs/pyOpenSSL" type="simple" />
            <root url="file://$APPLICATION_HOME_DIR$/plugins/python/helpers/typeshed/stubs/pyRFC3339" type="simple" />
            <root url="file://$APPLICATION_HOME_DIR$/plugins/python/helpers/typeshed/stubs/termcolor" type="simple" />
            <root url="file://$APPLICATION_HOME_DIR$/plugins/python/helpers/typeshed/stubs/ttkthemes" type="simple" />
            <root url="file://$APPLICATION_HOME_DIR$/plugins/python/helpers/typeshed/stubs/typed-ast" type="simple" />
            <root url="file://$APPLICATION_HOME_DIR$/plugins/python/helpers/typeshed/stubs/xmltodict" type="simple" />
            <root url="file://$APPLICATION_HOME_DIR$/plugins/python/helpers/typeshed/stubs/cachetools" type="simple" />
            <root url="file://$APPLICATION_HOME_DIR$/plugins/python/helpers/typeshed/stubs/commonmark" type="simple" />
            <root url="file://$APPLICATION_HOME_DIR$/plugins/python/helpers/typeshed/stubs/dateparser" type="simple" />
            <root url="file://$APPLICATION_HOME_DIR$/plugins/python/helpers/typeshed/stubs/Deprecated" type="simple" />
            <root url="file://$APPLICATION_HOME_DIR$/plugins/python/helpers/typeshed/stubs/Flask-Cors" type="simple" />
            <root url="file://$APPLICATION_HOME_DIR$/plugins/python/helpers/typeshed/stubs/jsonschema" type="simple" />
            <root url="file://$APPLICATION_HOME_DIR$/plugins/python/helpers/typeshed/stubs/pyfarmhash" type="simple" />
            <root url="file://$APPLICATION_HOME_DIR$/plugins/python/helpers/typeshed/stubs/Send2Trash" type="simple" />
            <root url="file://$APPLICATION_HOME_DIR$/plugins/python/helpers/typeshed/stubs/setuptools" type="simple" />
            <root url="file://$APPLICATION_HOME_DIR$/plugins/python/helpers/typeshed/stubs/simplejson" type="simple" />
            <root url="file://$APPLICATION_HOME_DIR$/plugins/python/helpers/typeshed/stubs/SQLAlchemy" type="simple" />
            <root url="file://$APPLICATION_HOME_DIR$/plugins/python/helpers/typeshed/stubs/contextvars" type="simple" />
            <root url="file://$APPLICATION_HOME_DIR$/plugins/python/helpers/typeshed/stubs/entrypoints" type="simple" />
            <root url="file://$APPLICATION_HOME_DIR$/plugins/python/helpers/typeshed/stubs/flake8-2020" type="simple" />
            <root url="file://$APPLICATION_HOME_DIR$/plugins/python/helpers/typeshed/stubs/JACK-Client" type="simple" />
            <root url="file://$APPLICATION_HOME_DIR$/plugins/python/helpers/typeshed/stubs/mysqlclient" type="simple" />
            <root url="file://$APPLICATION_HOME_DIR$/plugins/python/helpers/typeshed/stubs/opentracing" type="simple" />
            <root url="file://$APPLICATION_HOME_DIR$/plugins/python/helpers/typeshed/stubs/pep8-naming" type="simple" />
            <root url="file://$APPLICATION_HOME_DIR$/plugins/python/helpers/typeshed/stubs/prettytable" type="simple" />
            <root url="file://$APPLICATION_HOME_DIR$/plugins/python/helpers/typeshed/stubs/python-jose" type="simple" />
            <root url="file://$APPLICATION_HOME_DIR$/plugins/python/helpers/typeshed/stubs/python-nmap" type="simple" />
            <root url="file://$APPLICATION_HOME_DIR$/plugins/python/helpers/typeshed/stubs/stdlib-list" type="simple" />
            <root url="file://$APPLICATION_HOME_DIR$/plugins/python/helpers/typeshed/stubs/atomicwrites" type="simple" />
            <root url="file://$APPLICATION_HOME_DIR$/plugins/python/helpers/typeshed/stubs/aws-xray-sdk" type="simple" />
            <root url="file://$APPLICATION_HOME_DIR$/plugins/python/helpers/typeshed/stubs/cryptography" type="simple" />
            <root url="file://$APPLICATION_HOME_DIR$/plugins/python/helpers/typeshed/stubs/editdistance" type="simple" />
            <root url="file://$APPLICATION_HOME_DIR$/plugins/python/helpers/typeshed/stubs/parsimonious" type="simple" />
            <root url="file://$APPLICATION_HOME_DIR$/plugins/python/helpers/typeshed/stubs/whatthepatch" type="simple" />
            <root url="file://$APPLICATION_HOME_DIR$/plugins/python/helpers/typeshed/stubs/click-spinner" type="simple" />
            <root url="file://$APPLICATION_HOME_DIR$/plugins/python/helpers/typeshed/stubs/DateTimeRange" type="simple" />
            <root url="file://$APPLICATION_HOME_DIR$/plugins/python/helpers/typeshed/stubs/humanfriendly" type="simple" />
            <root url="file://$APPLICATION_HOME_DIR$/plugins/python/helpers/typeshed/stubs/python-gflags" type="simple" />
            <root url="file://$APPLICATION_HOME_DIR$/plugins/python/helpers/typeshed/stubs/beautifulsoup4" type="simple" />
            <root url="file://$APPLICATION_HOME_DIR$/plugins/python/helpers/typeshed/stubs/flake8-bugbear" type="simple" />
            <root url="file://$APPLICATION_HOME_DIR$/plugins/python/helpers/typeshed/stubs/python-slugify" type="simple" />
            <root url="file://$APPLICATION_HOME_DIR$/plugins/python/helpers/typeshed/stubs/singledispatch" type="simple" />
            <root url="file://$APPLICATION_HOME_DIR$/plugins/python/helpers/typeshed/stubs/dj-database-url" type="simple" />
            <root url="file://$APPLICATION_HOME_DIR$/plugins/python/helpers/typeshed/stubs/flake8-builtins" type="simple" />
            <root url="file://$APPLICATION_HOME_DIR$/plugins/python/helpers/typeshed/stubs/flake8-simplify" type="simple" />
            <root url="file://$APPLICATION_HOME_DIR$/plugins/python/helpers/typeshed/stubs/mypy-extensions" type="simple" />
            <root url="file://$APPLICATION_HOME_DIR$/plugins/python/helpers/typeshed/stubs/python-dateutil" type="simple" />
            <root url="file://$APPLICATION_HOME_DIR$/plugins/python/helpers/typeshed/stubs/Flask-SQLAlchemy" type="simple" />
            <root url="file://$APPLICATION_HOME_DIR$/plugins/python/helpers/typeshed/stubs/flake8-docstrings" type="simple" />
            <root url="file://$APPLICATION_HOME_DIR$/plugins/python/helpers/typeshed/stubs/flake8-plugin-utils" type="simple" />
            <root url="file://$APPLICATION_HOME_DIR$/plugins/python/helpers/typeshed/stubs/pytest-lazy-fixture" type="simple" />
            <root url="file://$APPLICATION_HOME_DIR$/plugins/python/helpers/typeshed/stubs/flake8-rst-docstrings" type="simple" />
            <root url="file://$APPLICATION_HOME_DIR$/plugins/python/helpers/typeshed/stubs/flake8-typing-imports" type="simple" />
            <root url="file://$APPLICATION_HOME_DIR$/plugins/python/helpers/typeshed/stubs/backports.ssl_match_hostname" type="simple" />
          </root>
        </classPath>
        <sourcePath>
          <root type="composite" />
        </sourcePath>
      </roots>
      <additional SDK_UUID="8b63915f-9013-4cb7-be24-5590b1631dd1">
        <setting name="FLAVOR_ID" value="WinPythonSdkFlavor" />
        <setting name="FLAVOR_DATA" value="{}" />
      </additional>
    </jdk>
    <jdk version="2">
      <name value="Python 3.11 (mention-tool)" />
      <type value="Python SDK" />
      <version value="Python 3.11.3" />
      <homePath value="C:\project\mention-tool\venv\Scripts\python.exe" />
      <roots>
        <classPath>
          <root type="composite">
            <root url="file://C:/Program Files/Python311/DLLs" type="simple" />
            <root url="file://C:/Program Files/Python311/Lib" type="simple" />
            <root url="file://C:/Program Files/Python311" type="simple" />
            <root url="file://C:/project/mention-tool/venv" type="simple" />
            <root url="file://C:/project/mention-tool/venv/Lib/site-packages" type="simple" />
            <root url="file://C:/project/mention-tool/venv/Lib/site-packages/win32" type="simple" />
            <root url="file://C:/project/mention-tool/venv/Lib/site-packages/win32/lib" type="simple" />
            <root url="file://C:/project/mention-tool/venv/Lib/site-packages/pythonwin" type="simple" />
            <root url="file://$USER_HOME$/AppData/Local/JetBrains/PyCharm2023.1/python_stubs/-783804583" type="simple" />
            <root url="file://$APPLICATION_HOME_DIR$/plugins/python/helpers/python-skeletons" type="simple" />
            <root url="file://$APPLICATION_HOME_DIR$/plugins/python/helpers/typeshed/stdlib" type="simple" />
            <root url="file://$APPLICATION_HOME_DIR$/plugins/python/helpers/typeshed/stubs/gdb" type="simple" />
            <root url="file://$APPLICATION_HOME_DIR$/plugins/python/helpers/typeshed/stubs/six" type="simple" />
            <root url="file://$APPLICATION_HOME_DIR$/plugins/python/helpers/typeshed/stubs/boto" type="simple" />
            <root url="file://$APPLICATION_HOME_DIR$/plugins/python/helpers/typeshed/stubs/mock" type="simple" />
            <root url="file://$APPLICATION_HOME_DIR$/plugins/python/helpers/typeshed/stubs/pytz" type="simple" />
            <root url="file://$APPLICATION_HOME_DIR$/plugins/python/helpers/typeshed/stubs/toml" type="simple" />
            <root url="file://$APPLICATION_HOME_DIR$/plugins/python/helpers/typeshed/stubs/tqdm" type="simple" />
            <root url="file://$APPLICATION_HOME_DIR$/plugins/python/helpers/typeshed/stubs/annoy" type="simple" />
            <root url="file://$APPLICATION_HOME_DIR$/plugins/python/helpers/typeshed/stubs/babel" type="simple" />
            <root url="file://$APPLICATION_HOME_DIR$/plugins/python/helpers/typeshed/stubs/emoji" type="simple" />
            <root url="file://$APPLICATION_HOME_DIR$/plugins/python/helpers/typeshed/stubs/first" type="simple" />
            <root url="file://$APPLICATION_HOME_DIR$/plugins/python/helpers/typeshed/stubs/fpdf2" type="simple" />
            <root url="file://$APPLICATION_HOME_DIR$/plugins/python/helpers/typeshed/stubs/ldap3" type="simple" />
            <root url="file://$APPLICATION_HOME_DIR$/plugins/python/helpers/typeshed/stubs/polib" type="simple" />
            <root url="file://$APPLICATION_HOME_DIR$/plugins/python/helpers/typeshed/stubs/redis" type="simple" />
            <root url="file://$APPLICATION_HOME_DIR$/plugins/python/helpers/typeshed/stubs/regex" type="simple" />
            <root url="file://$APPLICATION_HOME_DIR$/plugins/python/helpers/typeshed/stubs/retry" type="simple" />
            <root url="file://$APPLICATION_HOME_DIR$/plugins/python/helpers/typeshed/stubs/ujson" type="simple" />
            <root url="file://$APPLICATION_HOME_DIR$/plugins/python/helpers/typeshed/stubs/bleach" type="simple" />
            <root url="file://$APPLICATION_HOME_DIR$/plugins/python/helpers/typeshed/stubs/caldav" type="simple" />
            <root url="file://$APPLICATION_HOME_DIR$/plugins/python/helpers/typeshed/stubs/docopt" type="simple" />
            <root url="file://$APPLICATION_HOME_DIR$/plugins/python/helpers/typeshed/stubs/hdbcli" type="simple" />
            <root url="file://$APPLICATION_HOME_DIR$/plugins/python/helpers/typeshed/stubs/invoke" type="simple" />
            <root url="file://$APPLICATION_HOME_DIR$/plugins/python/helpers/typeshed/stubs/passpy" type="simple" />
            <root url="file://$APPLICATION_HOME_DIR$/plugins/python/helpers/typeshed/stubs/Pillow" type="simple" />
            <root url="file://$APPLICATION_HOME_DIR$/plugins/python/helpers/typeshed/stubs/psutil" type="simple" />
            <root url="file://$APPLICATION_HOME_DIR$/plugins/python/helpers/typeshed/stubs/pycurl" type="simple" />
            <root url="file://$APPLICATION_HOME_DIR$/plugins/python/helpers/typeshed/stubs/pynput" type="simple" />
            <root url="file://$APPLICATION_HOME_DIR$/plugins/python/helpers/typeshed/stubs/pysftp" type="simple" />
            <root url="file://$APPLICATION_HOME_DIR$/plugins/python/helpers/typeshed/stubs/PyYAML" type="simple" />
            <root url="file://$APPLICATION_HOME_DIR$/plugins/python/helpers/typeshed/stubs/stripe" type="simple" />
            <root url="file://$APPLICATION_HOME_DIR$/plugins/python/helpers/typeshed/stubs/xxhash" type="simple" />
            <root url="file://$APPLICATION_HOME_DIR$/plugins/python/helpers/typeshed/stubs/zxcvbn" type="simple" />
            <root url="file://$APPLICATION_HOME_DIR$/plugins/python/helpers/typeshed/stubs/appdirs" type="simple" />
            <root url="file://$APPLICATION_HOME_DIR$/plugins/python/helpers/typeshed/stubs/certifi" type="simple" />
            <root url="file://$APPLICATION_HOME_DIR$/plugins/python/helpers/typeshed/stubs/chardet" type="simple" />
            <root url="file://$APPLICATION_HOME_DIR$/plugins/python/helpers/typeshed/stubs/chevron" type="simple" />
            <root url="file://$APPLICATION_HOME_DIR$/plugins/python/helpers/typeshed/stubs/passlib" type="simple" />
            <root url="file://$APPLICATION_HOME_DIR$/plugins/python/helpers/typeshed/stubs/pyaudio" type="simple" />
            <root url="file://$APPLICATION_HOME_DIR$/plugins/python/helpers/typeshed/stubs/PyMySQL" type="simple" />
            <root url="file://$APPLICATION_HOME_DIR$/plugins/python/helpers/typeshed/stubs/pyvmomi" type="simple" />
            <root url="file://$APPLICATION_HOME_DIR$/plugins/python/helpers/typeshed/stubs/slumber" type="simple" />
            <root url="file://$APPLICATION_HOME_DIR$/plugins/python/helpers/typeshed/stubs/tzlocal" type="simple" />
            <root url="file://$APPLICATION_HOME_DIR$/plugins/python/helpers/typeshed/stubs/urllib3" type="simple" />
            <root url="file://$APPLICATION_HOME_DIR$/plugins/python/helpers/typeshed/stubs/vobject" type="simple" />
            <root url="file://$APPLICATION_HOME_DIR$/plugins/python/helpers/typeshed/stubs/aiofiles" type="simple" />
            <root url="file://$APPLICATION_HOME_DIR$/plugins/python/helpers/typeshed/stubs/colorama" type="simple" />
            <root url="file://$APPLICATION_HOME_DIR$/plugins/python/helpers/typeshed/stubs/croniter" type="simple" />
            <root url="file://$APPLICATION_HOME_DIR$/plugins/python/helpers/typeshed/stubs/docutils" type="simple" />
            <root url="file://$APPLICATION_HOME_DIR$/plugins/python/helpers/typeshed/stubs/html5lib" type="simple" />
            <root url="file://$APPLICATION_HOME_DIR$/plugins/python/helpers/typeshed/stubs/httplib2" type="simple" />
            <root url="file://$APPLICATION_HOME_DIR$/plugins/python/helpers/typeshed/stubs/jmespath" type="simple" />
            <root url="file://$APPLICATION_HOME_DIR$/plugins/python/helpers/typeshed/stubs/Markdown" type="simple" />
            <root url="file://$APPLICATION_HOME_DIR$/plugins/python/helpers/typeshed/stubs/oauthlib" type="simple" />
            <root url="file://$APPLICATION_HOME_DIR$/plugins/python/helpers/typeshed/stubs/openpyxl" type="simple" />
            <root url="file://$APPLICATION_HOME_DIR$/plugins/python/helpers/typeshed/stubs/paramiko" type="simple" />
            <root url="file://$APPLICATION_HOME_DIR$/plugins/python/helpers/typeshed/stubs/psycopg2" type="simple" />
            <root url="file://$APPLICATION_HOME_DIR$/plugins/python/helpers/typeshed/stubs/pyflakes" type="simple" />
            <root url="file://$APPLICATION_HOME_DIR$/plugins/python/helpers/typeshed/stubs/Pygments" type="simple" />
            <root url="file://$APPLICATION_HOME_DIR$/plugins/python/helpers/typeshed/stubs/requests" type="simple" />
            <root url="file://$APPLICATION_HOME_DIR$/plugins/python/helpers/typeshed/stubs/selenium" type="simple" />
            <root url="file://$APPLICATION_HOME_DIR$/plugins/python/helpers/typeshed/stubs/tabulate" type="simple" />
            <root url="file://$APPLICATION_HOME_DIR$/plugins/python/helpers/typeshed/stubs/toposort" type="simple" />
            <root url="file://$APPLICATION_HOME_DIR$/plugins/python/helpers/typeshed/stubs/waitress" type="simple" />
            <root url="file://$APPLICATION_HOME_DIR$/plugins/python/helpers/typeshed/stubs/braintree" type="simple" />
            <root url="file://$APPLICATION_HOME_DIR$/plugins/python/helpers/typeshed/stubs/decorator" type="simple" />
            <root url="file://$APPLICATION_HOME_DIR$/plugins/python/helpers/typeshed/stubs/freezegun" type="simple" />
            <root url="file://$APPLICATION_HOME_DIR$/plugins/python/helpers/typeshed/stubs/playsound" type="simple" />
            <root url="file://$APPLICATION_HOME_DIR$/plugins/python/helpers/typeshed/stubs/pyOpenSSL" type="simple" />
            <root url="file://$APPLICATION_HOME_DIR$/plugins/python/helpers/typeshed/stubs/pyRFC3339" type="simple" />
            <root url="file://$APPLICATION_HOME_DIR$/plugins/python/helpers/typeshed/stubs/termcolor" type="simple" />
            <root url="file://$APPLICATION_HOME_DIR$/plugins/python/helpers/typeshed/stubs/ttkthemes" type="simple" />
            <root url="file://$APPLICATION_HOME_DIR$/plugins/python/helpers/typeshed/stubs/typed-ast" type="simple" />
            <root url="file://$APPLICATION_HOME_DIR$/plugins/python/helpers/typeshed/stubs/xmltodict" type="simple" />
            <root url="file://$APPLICATION_HOME_DIR$/plugins/python/helpers/typeshed/stubs/cachetools" type="simple" />
            <root url="file://$APPLICATION_HOME_DIR$/plugins/python/helpers/typeshed/stubs/commonmark" type="simple" />
            <root url="file://$APPLICATION_HOME_DIR$/plugins/python/helpers/typeshed/stubs/dateparser" type="simple" />
            <root url="file://$APPLICATION_HOME_DIR$/plugins/python/helpers/typeshed/stubs/Deprecated" type="simple" />
            <root url="file://$APPLICATION_HOME_DIR$/plugins/python/helpers/typeshed/stubs/Flask-Cors" type="simple" />
            <root url="file://$APPLICATION_HOME_DIR$/plugins/python/helpers/typeshed/stubs/jsonschema" type="simple" />
            <root url="file://$APPLICATION_HOME_DIR$/plugins/python/helpers/typeshed/stubs/pyfarmhash" type="simple" />
            <root url="file://$APPLICATION_HOME_DIR$/plugins/python/helpers/typeshed/stubs/Send2Trash" type="simple" />
            <root url="file://$APPLICATION_HOME_DIR$/plugins/python/helpers/typeshed/stubs/setuptools" type="simple" />
            <root url="file://$APPLICATION_HOME_DIR$/plugins/python/helpers/typeshed/stubs/simplejson" type="simple" />
            <root url="file://$APPLICATION_HOME_DIR$/plugins/python/helpers/typeshed/stubs/SQLAlchemy" type="simple" />
            <root url="file://$APPLICATION_HOME_DIR$/plugins/python/helpers/typeshed/stubs/contextvars" type="simple" />
            <root url="file://$APPLICATION_HOME_DIR$/plugins/python/helpers/typeshed/stubs/entrypoints" type="simple" />
            <root url="file://$APPLICATION_HOME_DIR$/plugins/python/helpers/typeshed/stubs/flake8-2020" type="simple" />
            <root url="file://$APPLICATION_HOME_DIR$/plugins/python/helpers/typeshed/stubs/JACK-Client" type="simple" />
            <root url="file://$APPLICATION_HOME_DIR$/plugins/python/helpers/typeshed/stubs/mysqlclient" type="simple" />
            <root url="file://$APPLICATION_HOME_DIR$/plugins/python/helpers/typeshed/stubs/opentracing" type="simple" />
            <root url="file://$APPLICATION_HOME_DIR$/plugins/python/helpers/typeshed/stubs/pep8-naming" type="simple" />
            <root url="file://$APPLICATION_HOME_DIR$/plugins/python/helpers/typeshed/stubs/prettytable" type="simple" />
            <root url="file://$APPLICATION_HOME_DIR$/plugins/python/helpers/typeshed/stubs/python-jose" type="simple" />
            <root url="file://$APPLICATION_HOME_DIR$/plugins/python/helpers/typeshed/stubs/python-nmap" type="simple" />
            <root url="file://$APPLICATION_HOME_DIR$/plugins/python/helpers/typeshed/stubs/stdlib-list" type="simple" />
            <root url="file://$APPLICATION_HOME_DIR$/plugins/python/helpers/typeshed/stubs/atomicwrites" type="simple" />
            <root url="file://$APPLICATION_HOME_DIR$/plugins/python/helpers/typeshed/stubs/aws-xray-sdk" type="simple" />
            <root url="file://$APPLICATION_HOME_DIR$/plugins/python/helpers/typeshed/stubs/cryptography" type="simple" />
            <root url="file://$APPLICATION_HOME_DIR$/plugins/python/helpers/typeshed/stubs/editdistance" type="simple" />
            <root url="file://$APPLICATION_HOME_DIR$/plugins/python/helpers/typeshed/stubs/parsimonious" type="simple" />
            <root url="file://$APPLICATION_HOME_DIR$/plugins/python/helpers/typeshed/stubs/whatthepatch" type="simple" />
            <root url="file://$APPLICATION_HOME_DIR$/plugins/python/helpers/typeshed/stubs/click-spinner" type="simple" />
            <root url="file://$APPLICATION_HOME_DIR$/plugins/python/helpers/typeshed/stubs/DateTimeRange" type="simple" />
            <root url="file://$APPLICATION_HOME_DIR$/plugins/python/helpers/typeshed/stubs/humanfriendly" type="simple" />
            <root url="file://$APPLICATION_HOME_DIR$/plugins/python/helpers/typeshed/stubs/python-gflags" type="simple" />
            <root url="file://$APPLICATION_HOME_DIR$/plugins/python/helpers/typeshed/stubs/beautifulsoup4" type="simple" />
            <root url="file://$APPLICATION_HOME_DIR$/plugins/python/helpers/typeshed/stubs/flake8-bugbear" type="simple" />
            <root url="file://$APPLICATION_HOME_DIR$/plugins/python/helpers/typeshed/stubs/python-slugify" type="simple" />
            <root url="file://$APPLICATION_HOME_DIR$/plugins/python/helpers/typeshed/stubs/singledispatch" type="simple" />
            <root url="file://$APPLICATION_HOME_DIR$/plugins/python/helpers/typeshed/stubs/dj-database-url" type="simple" />
            <root url="file://$APPLICATION_HOME_DIR$/plugins/python/helpers/typeshed/stubs/flake8-builtins" type="simple" />
            <root url="file://$APPLICATION_HOME_DIR$/plugins/python/helpers/typeshed/stubs/flake8-simplify" type="simple" />
            <root url="file://$APPLICATION_HOME_DIR$/plugins/python/helpers/typeshed/stubs/mypy-extensions" type="simple" />
            <root url="file://$APPLICATION_HOME_DIR$/plugins/python/helpers/typeshed/stubs/python-dateutil" type="simple" />
            <root url="file://$APPLICATION_HOME_DIR$/plugins/python/helpers/typeshed/stubs/Flask-SQLAlchemy" type="simple" />
            <root url="file://$APPLICATION_HOME_DIR$/plugins/python/helpers/typeshed/stubs/flake8-docstrings" type="simple" />
            <root url="file://$APPLICATION_HOME_DIR$/plugins/python/helpers/typeshed/stubs/flake8-plugin-utils" type="simple" />
            <root url="file://$APPLICATION_HOME_DIR$/plugins/python/helpers/typeshed/stubs/pytest-lazy-fixture" type="simple" />
            <root url="file://$APPLICATION_HOME_DIR$/plugins/python/helpers/typeshed/stubs/flake8-rst-docstrings" type="simple" />
            <root url="file://$APPLICATION_HOME_DIR$/plugins/python/helpers/typeshed/stubs/flake8-typing-imports" type="simple" />
            <root url="file://$APPLICATION_HOME_DIR$/plugins/python/helpers/typeshed/stubs/backports.ssl_match_hostname" type="simple" />
          </root>
        </classPath>
        <sourcePath>
          <root type="composite" />
        </sourcePath>
      </roots>
      <additional ASSOCIATED_PROJECT_PATH="C:/project/mention-tool" SDK_UUID="3ede8281-3d90-4c11-bf04-3a3ff2400ad0">
        <setting name="FLAVOR_ID" value="VirtualEnvSdkFlavor" />
        <setting name="FLAVOR_DATA" value="{}" />
      </additional>
    </jdk>
  </component>
</application>