<application>
  <component name="MaterialThemeConfig">
    <option name="isHighContrast" value="true" />
    <option name="isWizardShown" value="true" />
    <option name="treeFontSizeEnabled" value="true" />
    <option name="tabFontSizeEnabled" value="true" />
    <option name="accentColor" value="ab47bc" />
    <option name="selectedTheme" value="PALENIGHT" />
    <option name="userId" value="-78ac3f6a:18793c23f84:-8000" />
    <option name="version" value="8.6.3" />
  </component>
</application>