<application>
  <component name="VimEditorSettings">
    <editor>
      <key-repeat enabled="true" />
    </editor>
  </component>
  <component name="VimHistorySettings">
    <history>
      <history-search>
        <entry>h</entry>
        <entry>pass</entry>
        <entry>password</entry>
        <entry>PASS</entry>
      </history-search>
      <history-cmd />
      <history-expr />
      <history-input />
    </history>
  </component>
  <component name="VimKeySettings">
    <shortcut-conflicts>
      <shortcut-conflict owner="vim">
        <text>ctrl pressed I</text>
      </shortcut-conflict>
      <shortcut-conflict owner="vim">
        <text>ctrl pressed J</text>
      </shortcut-conflict>
    </shortcut-conflicts>
  </component>
  <component name="VimMarksSettings">
    <globalmarks />
    <filemarks>
      <file name="$USER_HOME$/Desktop/Health-Care-App/worker/workers/testWorker.js" timestamp="1589175653217">
        <mark key="[" line="0" column="35" />
        <mark key="]" line="0" column="11" />
        <mark key="^" line="0" column="11" />
        <mark key="." line="0" column="10" />
      </file>
      <file name="vm:1499" timestamp="1592385592713">
        <mark key="[" line="0" column="0" />
      </file>
      <file name="/fragment.js" timestamp="1592386502202">
        <mark key="[" line="0" column="0" />
      </file>
      <file name="/a.dummy" timestamp="1589426861278">
        <mark key="[" line="0" column="0" />
      </file>
      <file name="$USER_HOME$/Desktop/Health-Care-App/server/config/globalConstants.js" timestamp="1590028805163">
        <mark key="[" line="33" column="21" />
      </file>
      <file name="vm:1813" timestamp="1589425636730">
        <mark key="[" line="0" column="0" />
      </file>
      <file name="$USER_HOME$/Desktop/nodejs/manage-app/server/constants.js" timestamp="1588041595898">
        <mark key="'" line="4" column="8" />
      </file>
      <file name="$USER_HOME$/Desktop/Health-Care-App/ampq/ampq.js" timestamp="1589177982760">
        <mark key="[" line="0" column="26" />
        <mark key="]" line="0" column="0" />
        <mark key="." line="0" column="0" />
      </file>
      <file name="$USER_HOME$/Desktop/HealthCareAppServer/Health-Care-App/worker/workers/sendMailWorker.js" timestamp="1592385622061">
        <mark key="[" line="14" column="8" />
        <mark key="]" line="14" column="8" />
        <mark key="." line="14" column="8" />
      </file>
      <file name="/" timestamp="1593068869674">
        <mark key="[" line="0" column="0" />
      </file>
      <file name="$USER_HOME$/Desktop/Health-Care-App/server/util/responseHandle.js" timestamp="1589427083702">
        <mark key="[" line="19" column="30" />
        <mark key="]" line="18" column="43" />
        <mark key="." line="18" column="43" />
      </file>
      <file name="$USER_HOME$/Desktop/HealthCareAppServer/Health-Care-App/server/util/helper/sendMail.js" timestamp="1592386648943">
        <mark key="[" line="3" column="17" />
        <mark key="]" line="9" column="23" />
        <mark key="." line="9" column="18" />
      </file>
      <file name="/JavaScript Console" timestamp="1592386464823">
        <mark key="[" line="0" column="0" />
      </file>
      <file name="$USER_HOME$/Desktop/HealthCareAppServer/Health-Care-App/server/services/user.service.js" timestamp="1592384764533">
        <mark key="[" line="207" column="27" />
      </file>
      <file name="$USER_HOME$/Desktop/Health-Care-App/server/util/helper/errorHandler.js" timestamp="1589425685824">
        <mark key="]" line="5" column="18" />
        <mark key="." line="5" column="18" />
      </file>
    </filemarks>
    <jumps>
      <jump line="5" column="41" filename="$USER_HOME$/Desktop/nodejs/manage-app/server/constants.js" />
      <jump line="4" column="8" filename="$USER_HOME$/Desktop/nodejs/manage-app/server/constants.js" />
      <jump line="35" column="47" filename="$USER_HOME$/Desktop/Health-Care-App/server/services/user.service.js" />
      <jump line="115" column="0" filename="$USER_HOME$/Desktop/Health-Care-App/server/services/user.service.js" />
    </jumps>
  </component>
  <component name="VimRegisterSettings">
    <registers>
      <register name="1" type="2">
        <text encoding="base64">ICAgICAgICBjb25zdCBleGlzdFVzZXIgPSAgVXNlci5maW5kT25lKHtlbWFpbDogZGF0YS5lbWFpbC50b1N0cmluZygpfSk7CiAgICAgICAgaWYoZXhpc3RVc2VyKXs=</text>
      </register>
      <register name="&quot;" type="4">
        <text>config.mail.USER</text>
      </register>
      <register name="2" type="2">
        <text encoding="base64">ICAgICAgICAgICAgc3RhdHVzOiBwYXlsb2FkLnN0YXR1cwo=</text>
      </register>
      <register name="3" type="2">
        <text encoding="base64">ICAgICAgICAgICAgdG86IHBheWxvYWQudG8sCg==</text>
      </register>
      <register name="4" type="2">
        <text encoding="base64">ICAgIH1gYAo=</text>
      </register>
      <register name="5" type="2">
        <text encoding="base64">ICAgICAgICAgICAgKQo=</text>
      </register>
      <register name="6" type="4">
        <text encoding="base64">LnRoZW4oKHBheWxvYWQpID0+IHsKICAgICAgICAgICAgICAgIHJldHVybiB7CiAgICAgICAgICAgICAgICAgICAgcGF5bG9hZDogcGF5bG9hZAogICAgICAgICAgICAgICAgfQogICAgICAgICAgICB9</text>
      </register>
      <register name="7" type="2">
        <text encoding="base64">Cg==</text>
      </register>
      <register name="8" type="2">
        <text encoding="base64">ICAgIFsiLEBiYWJlbC9wbHVnaW4tcHJvcG9zYWwtZGVjb3JhdG9ycyIsIHsgImxlZ2FjeSI6IHRydWUgfV0sCg==</text>
      </register>
      <register name="9" type="2">
        <text encoding="base64">ICAgIFsiLEBiYWJlbC9wbHVnaW4tcHJvcG9zYWwtZGVjb3JhdG9ycyIsIHsgImxlZ2FjeSI6IHRydWUgfV0sZGQK</text>
      </register>
      <register name="-" type="4">
        <text>config.mail.USER</text>
      </register>
      <register name="/" type="4">
        <text>PASS</text>
      </register>
    </registers>
  </component>
  <component name="VimSearchSettings">
    <search>
      <last-search>PASS</last-search>
      <last-offset />
      <last-pattern>PASS</last-pattern>
      <last-dir>1</last-dir>
      <show-last>false</show-last>
    </search>
  </component>
  <component name="VimSettings">
    <state version="6" enabled="true" />
    <notifications>
      <idea-join enabled="false" />
      <idea-put enabled="false" />
    </notifications>
  </component>
</application>