<application>
  <component name="MaterialThemeConfig">
    <option name="isHighContrast" value="true" />
    <option name="isWizardShown" value="true" />
    <option name="treeFontSizeEnabled" value="true" />
    <option name="tabFontSizeEnabled" value="true" />
    <option name="accentColor" value="ab47bc" />
    <option name="selectedTheme" value="PALENIGHT" />
    <option name="userId" value="5bdde389:18980eaf8ac:-8000" />
    <option name="version" value="8.7.1" />
  </component>
</application>